date,Visits
2022/10/1,34583
2022/10/2,34571
2022/10/3,34491
2022/10/4,34607
2022/10/5,34355
2022/10/6,34361
2022/10/7,34497
2022/10/8,34454
2022/10/9,35201
2022/10/10,34591
2022/10/11,34321
2022/10/12,34164
2022/10/13,34573
2022/10/14,34364
2022/10/15,34259
2022/10/16,34101
2022/10/17,34425
2022/10/18,34417
2022/10/19,34635
2022/10/20,34550
2022/10/21,34469
2022/10/22,34366
2022/10/23,34566
2022/10/24,34491
2022/10/25,34456
2022/10/26,34556
2022/10/27,34704
2022/10/28,34803
2022/10/29,34660
2022/10/30,34711
2022/10/31,34610
2022/11/1,35015
2022/11/2,34935
2022/11/3,34670
2022/11/4,35047
2022/11/5,35018
2022/11/6,34859
2022/11/7,34988
2022/11/8,34939
2022/11/9,34978
2022/11/10,34895
2022/11/11,35035
2022/11/12,34728
2022/11/13,35508
2022/11/14,34797
2022/11/15,35077
2022/11/16,35166
2022/11/17,35204
2022/11/18,34378
2022/11/19,35030
2022/11/20,34528
2022/11/21,34881
2022/11/22,34731
2022/11/23,34465
2022/11/24,35068
2022/11/25,34979
2022/11/26,34639
2022/11/27,34877
2022/11/28,34606
2022/11/29,34896
2022/11/30,35129
